{
  "hash": "25437cc3",
  "configHash": "f1bbd19d",
  "lockfileHash": "b6d12e32",
  "browserHash": "a0269e70",
  "optimized": {
    "@angular/common": {
      "src": "../../../../../../node_modules/@angular/common/fesm2022/common.mjs",
      "file": "@angular_common.js",
      "fileHash": "a0ac8021",
      "needsInterop": false
    },
    "@angular/common/http": {
      "src": "../../../../../../node_modules/@angular/common/fesm2022/http.mjs",
      "file": "@angular_common_http.js",
      "fileHash": "c0c3a1c7",
      "needsInterop": false
    },
    "@angular/core": {
      "src": "../../../../../../node_modules/@angular/core/fesm2022/core.mjs",
      "file": "@angular_core.js",
      "fileHash": "8c74c3db",
      "needsInterop": false
    },
    "@angular/forms": {
      "src": "../../../../../../node_modules/@angular/forms/fesm2022/forms.mjs",
      "file": "@angular_forms.js",
      "fileHash": "27aec1fc",
      "needsInterop": false
    },
    "@angular/platform-browser": {
      "src": "../../../../../../node_modules/@angular/platform-browser/fesm2022/platform-browser.mjs",
      "file": "@angular_platform-browser.js",
      "fileHash": "1dcb8c2a",
      "needsInterop": false
    },
    "@angular/router": {
      "src": "../../../../../../node_modules/@angular/router/fesm2022/router.mjs",
      "file": "@angular_router.js",
      "fileHash": "bab81d5f",
      "needsInterop": false
    },
    "ngx-quill": {
      "src": "../../../../../../node_modules/ngx-quill/fesm2022/ngx-quill.mjs",
      "file": "ngx-quill.js",
      "fileHash": "00c965b2",
      "needsInterop": false
    },
    "zone.js": {
      "src": "../../../../../../node_modules/zone.js/fesm2015/zone.js",
      "file": "zone__js.js",
      "fileHash": "ef106e6a",
      "needsInterop": true
    }
  },
  "chunks": {
    "ngx-quill-quill-CUw8Q_m0-Y6JMYMRF": {
      "file": "ngx-quill-quill-CUw8Q_m0-Y6JMYMRF.js"
    },
    "chunk-7BCN5IHF": {
      "file": "chunk-7BCN5IHF.js"
    },
    "chunk-B5JXRP6G": {
      "file": "chunk-B5JXRP6G.js"
    },
    "chunk-NRVAIQ5V": {
      "file": "chunk-NRVAIQ5V.js"
    },
    "chunk-DHDWOUXT": {
      "file": "chunk-DHDWOUXT.js"
    },
    "chunk-DASHI2JV": {
      "file": "chunk-DASHI2JV.js"
    },
    "chunk-WGD35NXY": {
      "file": "chunk-WGD35NXY.js"
    },
    "chunk-4MWRP73S": {
      "file": "chunk-4MWRP73S.js"
    }
  }
}